source,total_revenue,avg_revenue,median_revenue,n,revenue_share_%
wynk,22760.57935574,3.6616118654665377,0.16854007,6216,76.63293640589693
jiosaavn,6940.2,2.6032258064516127,0.225,2666,23.36706359410306
