conversion_rate_%,new_subscribers,monthly_incremental_revenue,annual_incremental_revenue,monthly_revenue_increase_%
0.5,5000,250000.0,3000000.0,841.7287540021564
1.0,10000,500000.0,6000000.0,1683.4575080043128
2.0,20000,1000000.0,12000000.0,3366.9150160086256
5.0,50000,2500000.0,30000000.0,8417.287540021565
