store_name,total_revenue,total_streams,unique_tracks,unique_artists,revenue_share_%,avg_revenue_per_stream,avg_revenue_per_track
Wynk Music,22760.57935574,404885.0,5731,2064,76.63293640589693,0.056214923634464106,3.971484794231373
JioSaavn,6940.2,92536.0,2554,877,23.36706359410306,0.075,2.717384494909945
