artist,revenue
F A Sumon,9318.86161613
Kaushik Chakraborty,998.3939743400001
Arijit Singh,755.22807357
S.P. Venkatesh,677.85
Pratik Sen,616.96172905
Shreya Ghoshal,570.95759219
Iman Chakraborty,496.48197913999996
Rupam Islam,479.57873634
Anupam Roy,475.93856352
Rabindranath Tagore,422.4
